{
    "id": "enemy0",
    "name": "goblin",
    "moveSpeed": 1.0,
    "turnSpeed": 5.0,
    "lifeCount": 1,
    "goldWorth": 10,
    "atkType": 0,
    "atkSpeed": 2.0,
    "atkTime": 1.0,
    "atkPoint": {
        "x": -0.0032955645583570005,
        "y": 0.28967297077178957,
        "z": 0.028303738683462144
    },
    "minAtkDmg": 10,
    "maxAtkDmg": 10,
    "atkRange": 0.0,
    "armors": [
        {
            "type": 0,
            "reduction": 12.300000190734864
        },
        {
            "type": 1,
            "reduction": 9.800000190734864
        }
    ],
    "hp": 100,
    "hpRegenRate": 0.0,
    "hpRegenInterval": 0.0,
    "dyingTIme": 1.5
}