{
    "id": "tower0",
    "name": "archer 0",
    "projectileIndex": 1,
    "projectileId": "projectile1",
    "atkType": 0,
    "atkRange": 5.0,
    "minDmg": 5,
    "maxDmg": 10,
    "atkSpeed": 0.10000000149011612,
    "atkTime": 0.10000000149011612,
    "atkPoint": {
        "x": 0.00008547306060791016,
        "y": 1.3730998039245606,
        "z": -0.0003060864401049912
    },
    "goldRequired": 100,
    "buildTime": 2.0,
    "aoe": 0.0,
    "treeSkillNames": []
}