{
    "id": "tower0",
    "name": "archer 0",
    "projectileIndex": 0,
    "projectileId": "projectile0",
    "atkType": 0,
    "atkRange": 5.0,
    "minDmg": 5,
    "maxDmg": 10,
    "atkSpeed": 1.0,
    "atkTime": 0.30000001192092898,
    "atkPoint": {
        "x": 0.02920183166861534,
        "y": 1.4389548301696778,
        "z": 0.2634243369102478
    },
    "goldRequired": 100,
    "buildTime": 2.0,
    "aoe": 0.0,
    "treeSkillNames": []
}