{
    "id": "tower0",
    "name": "archer 0",
    "projectileIndex": 1,
    "projectileId": "projectile1",
    "atkType": 0,
    "atkRange": 5.0,
    "minDmg": 5,
    "maxDmg": 10,
    "atkSpeed": 1.0,
    "atkTime": 0.30000001192092898,
    "atkPoint": {
        "x": 0.12800848484039308,
        "y": 1.4604889154434205,
        "z": 0.5920016169548035
    },
    "goldRequired": 100,
    "buildTime": 2.0,
    "aoe": 0.0,
    "treeSkillNames": []
}