{
    "id": "tower0",
    "name": "archer 0",
    "projectileIndex": 0,
    "projectileId": "projectile0",
    "atkType": 0,
    "atkRange": 5.0,
    "minDmg": 5,
    "maxDmg": 10,
    "atkSpeed": 0.10000000149011612,
    "atkTime": 2.0,
    "atkPoint": {
        "x": 0.000151303771417588,
        "y": 1.5391753911972047,
        "z": 0.32563796639442446
    },
    "goldRequired": 100,
    "buildTime": 2.0,
    "aoe": 0.0,
    "treeSkillNames": []
}